Dataset number,Accuracy
0,0.9793388429752066
1,0.9545454545454546
2,0.9504132231404959
3,0.9834710743801653
4,0.9628099173553719
