Dataset number,Accuracy
0,0.9504132231404959
1,0.9586776859504132
2,0.9752066115702479
3,0.9669421487603306
4,0.9586776859504132
